INSERT INTO users (id, login, password, first_name, last_name, email) VALUES
('10000000-0000-0000-0000-000000000001', 'ivan.petrov', 'ef92b778bafe771e89245b89ecbc08a44a4e166c06659911881f383d4473e94f', 'Ivan', 'Petrov', 'ivan.petrov@mail.ru'),
('10000000-0000-0000-0000-000000000002', 'maria.sidorova', 'ef92b778bafe771e89245b89ecbc08a44a4e166c06659911881f383d4473e94f', 'Maria', 'Sidorova', 'maria.s@gmail.com'),
('10000000-0000-0000-0000-000000000003', 'alex.ivanov', 'ef92b778bafe771e89245b89ecbc08a44a4e166c06659911881f383d4473e94f', 'Alexander', 'Ivanov', 'alex.ivanov@yandex.ru'),
('10000000-0000-0000-0000-000000000004', 'elena.kozlova', 'ef92b778bafe771e89245b89ecbc08a44a4e166c06659911881f383d4473e94f', 'Elena', 'Kozlova', 'elena.k@mail.ru'),
('10000000-0000-0000-0000-000000000005', 'dmitry.novikov', 'ef92b778bafe771e89245b89ecbc08a44a4e166c06659911881f383d4473e94f', 'Dmitry', 'Novikov', 'dmitry.n@gmail.com'),
('10000000-0000-0000-0000-000000000006', 'anna.smirnova', 'a665a45920422f9d417e4867efdc4fb8a04a1f3fff1fa07e998e86f7f7a27ae3', 'Anna', 'Smirnova', 'anna.sm@yandex.ru'),
('10000000-0000-0000-0000-000000000007', 'sergey.volkov', 'a665a45920422f9d417e4867efdc4fb8a04a1f3fff1fa07e998e86f7f7a27ae3', 'Sergey', 'Volkov', 'sergey.v@mail.ru'),
('10000000-0000-0000-0000-000000000008', 'olga.morozova', 'ef92b778bafe771e89245b89ecbc08a44a4e166c06659911881f383d4473e94f', 'Olga', 'Morozova', 'olga.m@gmail.com'),
('10000000-0000-0000-0000-000000000009', 'nikolay.popov', 'a665a45920422f9d417e4867efdc4fb8a04a1f3fff1fa07e998e86f7f7a27ae3', 'Nikolay', 'Popov', 'nikolay.p@yandex.ru'),
('10000000-0000-0000-0000-00000000000a', 'tatiana.sokolova', 'ef92b778bafe771e89245b89ecbc08a44a4e166c06659911881f383d4473e94f', 'Tatiana', 'Sokolova', 'tatiana.s@mail.ru');

INSERT INTO hotels (id, name, city, address, description, stars) VALUES
('20000000-0000-0000-0000-000000000001', 'Grand Palace Hotel', 'Moscow', 'Tverskaya st. 15', 'Пятизвёздочный отель в самом центре, рядом Кремль и Красная площадь', 5),
('20000000-0000-0000-0000-000000000002', 'Neva View Hotel', 'Saint Petersburg', 'Nevsky Prospekt 45', 'Из окон видно Неву. Завтрак включён, парковки нет', 4),
('20000000-0000-0000-0000-000000000003', 'Kazan Inn', 'Kazan', 'Bauman st. 10', 'Небольшой отель, до Кремля пешком минут 10', 3),
('20000000-0000-0000-0000-000000000004', 'Sochi Beach Resort', 'Sochi', 'Primorskaya st. 25', 'Прямо на берегу, есть бассейн и спа. Летом лучше бронировать заранее', 5),
('20000000-0000-0000-0000-000000000005', 'Moscow Budget Stay', 'Moscow', 'Arbat st. 30', 'Бюджетный вариант на Арбате, комнаты маленькие но чисто', 2),
('20000000-0000-0000-0000-000000000006', 'Peter Hotel', 'Saint Petersburg', 'Liteyny Prospekt 20', 'Современный отель недалеко от центра', 4),
('20000000-0000-0000-0000-000000000007', 'Ural Mountains Lodge', 'Yekaterinburg', 'Lenin st. 50', 'Хороший вид на горы, зимой можно покататься на лыжах рядом', 3),
('20000000-0000-0000-0000-000000000008', 'Volga Riverside Hotel', 'Nizhny Novgorod', 'Rozhdestvenskaya st. 5', 'Стоит прямо над Волгой, номера с видом на реку стоят дороже', 4),
('20000000-0000-0000-0000-000000000009', 'Siberian Comfort', 'Novosibirsk', 'Krasny Prospekt 100', 'Нормальный отель в центре Новосибирска, Wi-Fi быстрый', 3),
('20000000-0000-0000-0000-00000000000a', 'Black Sea Hotel', 'Sochi', 'Kurortniy Prospekt 50', 'Есть свой пляж и спа. Номера с видом на море', 4);

INSERT INTO bookings (id, user_id, hotel_id, check_in, check_out, status) VALUES
('30000000-0000-0000-0000-000000000001', '10000000-0000-0000-0000-000000000001', '20000000-0000-0000-0000-000000000001', '2026-06-01', '2026-06-05', 'CONFIRMED'),
('30000000-0000-0000-0000-000000000002', '10000000-0000-0000-0000-000000000002', '20000000-0000-0000-0000-000000000002', '2026-07-10', '2026-07-15', 'CONFIRMED'),
('30000000-0000-0000-0000-000000000003', '10000000-0000-0000-0000-000000000003', '20000000-0000-0000-0000-000000000004', '2026-08-01', '2026-08-10', 'CONFIRMED'),
('30000000-0000-0000-0000-000000000004', '10000000-0000-0000-0000-000000000004', '20000000-0000-0000-0000-000000000003', '2026-06-15', '2026-06-18', 'CANCELLED'),
('30000000-0000-0000-0000-000000000005', '10000000-0000-0000-0000-000000000005', '20000000-0000-0000-0000-000000000005', '2026-09-01', '2026-09-03', 'CONFIRMED'),
('30000000-0000-0000-0000-000000000006', '10000000-0000-0000-0000-000000000001', '20000000-0000-0000-0000-000000000006', '2026-07-20', '2026-07-25', 'CONFIRMED'),
('30000000-0000-0000-0000-000000000007', '10000000-0000-0000-0000-000000000006', '20000000-0000-0000-0000-000000000007', '2026-08-05', '2026-08-08', 'CONFIRMED'),
('30000000-0000-0000-0000-000000000008', '10000000-0000-0000-0000-000000000007', '20000000-0000-0000-0000-000000000008', '2026-06-10', '2026-06-14', 'CANCELLED'),
('30000000-0000-0000-0000-000000000009', '10000000-0000-0000-0000-000000000008', '20000000-0000-0000-0000-000000000009', '2026-10-01', '2026-10-05', 'CONFIRMED'),
('30000000-0000-0000-0000-00000000000a', '10000000-0000-0000-0000-000000000009', '20000000-0000-0000-0000-00000000000a', '2026-07-01', '2026-07-07', 'CONFIRMED');
